{"c-level":{"version":1,"policy":"c-level-full-policy","updatedAt":"2025-12-30T01:13:32.330558833Z"},"partner-mgmt":{"version":1,"policy":"general-ro-policy,partner-mgmt-full-policy","updatedAt":"2025-12-30T01:46:22.697580262Z"},"purchasing-dept":{"version":1,"policy":"general-ro-policy,purchasing-full-policy","updatedAt":"2025-12-30T01:46:42.78709717Z"},"sales-team-1":{"version":1,"policy":"general-ro-policy,sales-team-1-ro-policy,sales-team-1-rw-policy","updatedAt":"2025-12-30T01:46:34.924930282Z"},"sales-team-2":{"version":1,"policy":"general-ro-policy,sales-team-2-ro-policy,sales-team-2-rw-policy","updatedAt":"2025-12-30T01:46:32.664106115Z"},"sales-team-3":{"version":1,"policy":"general-ro-policy,sales-team-3-ro-policy,sales-team-3-rw-policy","updatedAt":"2025-12-30T01:46:29.364691303Z"}}