{"c-level":{"version":1,"status":"enabled","members":["ceo-user","cfo-user"],"updatedAt":"2025-12-30T01:13:32.323188644Z"},"partner-mgmt":{"version":1,"status":"enabled","members":["partner-mgmt-user"],"updatedAt":"2025-12-30T01:13:32.324089642Z"},"purchasing-dept":{"version":1,"status":"enabled","members":["purchasing-user"],"updatedAt":"2025-12-30T01:13:32.324889598Z"},"sales-team-1":{"version":1,"status":"enabled","members":["sales-team1-user"],"updatedAt":"2025-12-30T01:13:32.325464513Z"},"sales-team-2":{"version":1,"status":"enabled","members":["sales-team2-user"],"updatedAt":"2025-12-30T01:13:32.321554941Z"},"sales-team-3":{"version":1,"status":"enabled","members":["sales-team3-user"],"updatedAt":"2025-12-30T01:13:32.322410772Z"}}