{"c-level-full-policy":{"Version":"2012-10-17","Statement":[{"Effect":"Allow","Action":["s3:*"],"Resource":["arn:aws:s3:::universal-products","arn:aws:s3:::universal-products/*","arn:aws:s3:::global-services","arn:aws:s3:::global-services/*","arn:aws:s3:::premier-solutions","arn:aws:s3:::quality-components","arn:aws:s3:::quality-components/*","arn:aws:s3:::reliable-materials","arn:aws:s3:::reliable-materials/*","arn:aws:s3:::strategic-alliance","arn:aws:s3:::innovation-collaborative","arn:aws:s3:::innovation-collaborative/*","arn:aws:s3:::premier-solutions/*","arn:aws:s3:::strategic-alliance/*"]}]},"consoleAdmin":{"Version":"2012-10-17","Statement":[{"Effect":"Allow","Action":["admin:*"]},{"Effect":"Allow","Action":["kms:*"]},{"Effect":"Allow","Action":["s3:*"],"Resource":["arn:aws:s3:::*"]},{"Effect":"Allow","Action":["s3tables:*"],"Resource":["arn:aws:s3tables:::*"]}]},"diagnostics":{"Version":"2012-10-17","Statement":[{"Effect":"Allow","Action":["admin:Prometheus","admin:ServerInfo","admin:ServerTrace","admin:TopLocksInfo","admin:BandwidthMonitor","admin:ConsoleLog","admin:OBDInfo","admin:Profiling"],"Resource":["arn:aws:s3:::*"]}]},"general-ro-policy":{"Version":"2012-10-17","Statement":[{"Effect":"Allow","Action":["s3:GetObject","s3:ListBucket"],"Resource":["arn:aws:s3:::general","arn:aws:s3:::general/*"]}]},"partner-mgmt-full-policy":{"Version":"2012-10-17","Statement":[{"Effect":"Allow","Action":["s3:*"],"Resource":["arn:aws:s3:::strategic-alliance/*","arn:aws:s3:::innovation-collaborative","arn:aws:s3:::innovation-collaborative/*","arn:aws:s3:::strategic-alliance"]}]},"purchasing-full-policy":{"Version":"2012-10-17","Statement":[{"Effect":"Allow","Action":["s3:*"],"Resource":["arn:aws:s3:::quality-components","arn:aws:s3:::quality-components/*","arn:aws:s3:::reliable-materials","arn:aws:s3:::reliable-materials/*"]}]},"readonly":{"Version":"2012-10-17","Statement":[{"Effect":"Allow","Action":["s3:GetBucketLocation","s3:GetObject"],"Resource":["arn:aws:s3:::*"]},{"Effect":"Deny","Action":["admin:CreateUser"],"Resource":["arn:aws:s3:::*"]}]},"readwrite":{"Version":"2012-10-17","Statement":[{"Effect":"Allow","Action":["s3:*"],"Resource":["arn:aws:s3:::*"]}]},"sales-team-1-ro-policy":{"Version":"2012-10-17","Statement":[{"Effect":"Allow","Action":["s3:GetObject","s3:ListBucket"],"Resource":["arn:aws:s3:::global-services/*","arn:aws:s3:::premier-solutions","arn:aws:s3:::premier-solutions/*","arn:aws:s3:::global-services"]}]},"sales-team-1-rw-policy":{"Version":"2012-10-17","Statement":[{"Effect":"Allow","Action":["s3:DeleteObject","s3:GetObject","s3:ListBucket","s3:PutObject"],"Resource":["arn:aws:s3:::universal-products","arn:aws:s3:::universal-products/*"]}]},"sales-team-2-ro-policy":{"Version":"2012-10-17","Statement":[{"Effect":"Allow","Action":["s3:GetObject","s3:ListBucket"],"Resource":["arn:aws:s3:::premier-solutions","arn:aws:s3:::premier-solutions/*","arn:aws:s3:::universal-products","arn:aws:s3:::universal-products/*"]}]},"sales-team-2-rw-policy":{"Version":"2012-10-17","Statement":[{"Effect":"Allow","Action":["s3:ListBucket","s3:PutObject","s3:DeleteObject","s3:GetObject"],"Resource":["arn:aws:s3:::global-services","arn:aws:s3:::global-services/*"]}]},"sales-team-3-ro-policy":{"Version":"2012-10-17","Statement":[{"Effect":"Allow","Action":["s3:GetObject","s3:ListBucket"],"Resource":["arn:aws:s3:::global-services","arn:aws:s3:::global-services/*","arn:aws:s3:::universal-products","arn:aws:s3:::universal-products/*"]}]},"sales-team-3-rw-policy":{"Version":"2012-10-17","Statement":[{"Effect":"Allow","Action":["s3:DeleteObject","s3:GetObject","s3:ListBucket","s3:PutObject"],"Resource":["arn:aws:s3:::premier-solutions","arn:aws:s3:::premier-solutions/*"]}]},"tablesAdmin":{"Version":"2012-10-17","Statement":[{"Effect":"Allow","Action":["s3tables:*"],"Resource":["arn:aws:s3tables:::*"]}]},"writeonly":{"Version":"2012-10-17","Statement":[{"Effect":"Allow","Action":["s3:PutObject"],"Resource":["arn:aws:s3:::*"]}]}}